1h,20000,15,2,1963,1963,3694824382.1109138
1h,20000,15,3,1637,1637,241652139.9858522
1h,20000,15,4,1446,1446,31559472.129732974
1h,20000,15,5,1265,1265,7015921.513040832
1h,20000,15,6,1141,1141,2587793.583288896
1h,20000,15,7,1063,1063,1109048.3705283992
1h,20000,15,8,973,973,543214.3941060646
1h,20000,15,9,907,907,397211.54641823075
1h,20000,16,2,1880,1880,2562511065.3758144
1h,20000,16,3,1588,1588,181948131.10685262
1h,20000,16,4,1393,1393,26362454.95517011
1h,20000,16,5,1221,1221,5399468.319165438
1h,20000,16,6,1111,1111,2055489.134553935
1h,20000,16,7,1018,1018,792849.9156651866
1h,20000,16,8,941,941,558316.2536844786
1h,20000,16,9,873,872,326754.11168321397
1h,20000,17,2,1824,1824,1935256657.4559278
1h,20000,17,3,1550,1550,128960072.44664533
1h,20000,17,4,1337,1337,21360226.450395778
1h,20000,17,5,1193,1193,5116840.563261051
1h,20000,17,6,1077,1077,1538479.256965703
1h,20000,17,7,980,980,722644.2553239937
1h,20000,17,8,908,907,486959.7001917998
1h,20000,17,9,851,850,243761.80093462477
1h,20000,18,2,1773,1773,1380063591.266017
1h,20000,18,3,1501,1501,117975305.85976821
1h,20000,18,4,1301,1301,15740669.20511869
1h,20000,18,5,1156,1156,4022090.4577398617
1h,20000,18,6,1039,1039,1287827.9930369367
1h,20000,18,7,951,950,668444.8396302599
1h,20000,18,8,875,874,347903.25175675994
1h,20000,18,9,837,836,232478.92460349522
1h,20000,19,2,1719,1719,1038618414.4793682
1h,20000,19,3,1470,1470,84283512.84711
1h,20000,19,4,1258,1258,12585539.416316109
1h,20000,19,5,1121,1121,3007457.3740506945
1h,20000,19,6,1015,1014,1151876.9119853326
1h,20000,19,7,908,907,586721.7076308042
1h,20000,19,8,854,853,308193.7008570563
1h,20000,19,9,809,808,201928.30216486487
1h,20000,20,2,1674,1674,856695614.1466484
1h,20000,20,3,1416,1416,61950853.13940118
1h,20000,20,4,1222,1222,10380932.293518025
1h,20000,20,5,1089,1089,2520892.2287036157
1h,20000,20,6,970,969,908065.7051604151
1h,20000,20,7,885,884,467925.1984167781
1h,20000,20,8,838,837,290220.4764895072
1h,20000,20,9,785,784,186697.507728615
1h,20000,21,2,1626,1626,648449717.9239202
1h,20000,21,3,1375,1375,52770259.48206781
1h,20000,21,4,1190,1190,9220569.410732385
1h,20000,21,5,1057,1057,2186874.1532958183
1h,20000,21,6,943,942,796988.5154761123
1h,20000,21,7,877,876,457871.5826559094
1h,20000,21,8,824,823,260138.57522056933
1h,20000,21,9,769,768,155801.8507601892
1h,20000,22,2,1571,1571,478304800.5461663
1h,20000,22,3,1339,1339,46538235.949440666
1h,20000,22,4,1155,1155,8532798.657364283
1h,20000,22,5,1022,1022,1833653.1994009435
1h,20000,22,6,932,931,778661.3847222576
1h,20000,22,7,866,865,417369.8628701426
1h,20000,22,8,806,805,241637.62562943457
1h,20000,22,9,742,741,133757.1968740417
1h,20000,23,2,1552,1552,406208075.9687365
1h,20000,23,3,1318,1318,34770445.23715746
1h,20000,23,4,1131,1131,7092870.676118677
1h,20000,23,5,1002,1001,1596744.543122052
1h,20000,23,6,922,921,743025.480259315
1h,20000,23,7,855,854,363944.5496098938
1h,20000,23,8,785,784,199354.11330903805
1h,20000,23,9,723,722,131131.62299866954
1h,20000,24,2,1534,1534,335583320.4528029
1h,20000,24,3,1298,1298,33978379.7127458
1h,20000,24,4,1118,1117,5815382.4119646195
1h,20000,24,5,1009,1008,1543975.3300412593
1h,20000,24,6,903,902,706483.9212524261
1h,20000,24,7,825,824,339999.0821041151
1h,20000,24,8,760,759,196840.58565885035
1h,20000,24,9,706,705,115773.12621758494
1h,20000,25,2,1509,1509,263900964.5109376
1h,20000,25,3,1287,1286,28381782.349597126
1h,20000,25,4,1116,1115,5249064.001637321
1h,20000,25,5,1003,1002,1444109.783992264
1h,20000,25,6,892,891,635956.1906232856
1h,20000,25,7,801,800,315383.1007570906
1h,20000,25,8,745,744,182966.9691740304
1h,20000,25,9,690,689,110878.33117699363
1h,20000,26,2,1480,1480,211993799.1165243
1h,20000,26,3,1256,1255,27892063.983236592
1h,20000,26,4,1085,1084,4514733.199798692
1h,20000,26,5,977,976,1412185.7561899398
1h,20000,26,6,871,870,579071.3966724643
1h,20000,26,7,787,786,305688.82674943045
1h,20000,26,8,729,728,162205.11058154603
1h,20000,26,9,671,670,94704.36962340177
1h,20000,27,2,1455,1454,183127787.68444172
1h,20000,27,3,1228,1227,23134067.050363425
1h,20000,27,4,1060,1059,3902992.7058621054
1h,20000,27,5,947,946,1405260.2126123195
1h,20000,27,6,848,847,589339.5226415853
1h,20000,27,7,767,766,289513.8293773474
1h,20000,27,8,700,699,136276.94709358024
1h,20000,27,9,665,664,93499.26869227744
1h,20000,28,2,1407,1406,148401061.80458438
1h,20000,28,3,1191,1190,18753623.88757167
1h,20000,28,4,1036,1035,3631447.34007054
1h,20000,28,5,930,929,1387160.1000034753
1h,20000,28,6,833,832,547727.861660227
1h,20000,28,7,759,758,244150.66340492462
1h,20000,28,8,692,691,123677.75069621703
1h,20000,28,9,648,647,89895.21279325434
1h,20000,29,2,1381,1380,111905217.73074774
1h,20000,29,3,1167,1166,14055739.647266662
1h,20000,29,4,1021,1020,3133000.882303946
1h,20000,29,5,899,898,1157206.6172094163
1h,20000,29,6,805,804,487775.7220079081
1h,20000,29,7,739,738,194548.97922015778
1h,20000,29,8,684,683,122034.00882410877
1h,20000,29,9,639,638,78663.73547601321
1h,20000,10,2,2323,2323,32448900566.02709
1h,20000,10,3,1967,1967,1419123378.2879162
1h,20000,10,4,1716,1716,171527060.8974585
1h,20000,10,5,1536,1536,37578920.88524162
1h,20000,10,6,1385,1385,12862569.313572118
1h,20000,10,7,1291,1291,5223466.6890494805
1h,20000,10,8,1221,1221,2431605.196223885
1h,20000,10,9,1153,1153,1435349.4422091271
1h,20000,11,2,2255,2255,17855274657.440342
1h,20000,11,3,1900,1900,876805644.519299
1h,20000,11,4,1648,1648,122828538.8179195
1h,20000,11,5,1451,1451,19383303.09721614
1h,20000,11,6,1327,1327,7755997.737586617
1h,20000,11,7,1244,1244,3005572.4404718634
1h,20000,11,8,1162,1162,1553719.468418037
1h,20000,11,9,1085,1085,1103943.6934990531
1h,20000,12,2,2184,2184,12500998437.69303
1h,20000,12,3,1829,1829,675633192.6695796
1h,20000,12,4,1592,1592,75235518.56434433
1h,20000,12,5,1403,1403,15441345.999502039
1h,20000,12,6,1278,1278,5245050.59427602
1h,20000,12,7,1184,1184,2130876.4936216734
1h,20000,12,8,1111,1111,1329190.6826710552
1h,20000,12,9,1022,1022,800535.5011470075
1h,20000,13,2,2082,2082,8310892494.536095
1h,20000,13,3,1770,1770,512935780.96831125
1h,20000,13,4,1505,1505,43929518.4782449
1h,20000,13,5,1349,1349,11319802.724921152
1h,20000,13,6,1242,1242,3843963.5387874064
1h,20000,13,7,1139,1139,1890730.8331061031
1h,20000,13,8,1049,1049,965356.7259384798
1h,20000,13,9,997,997,523886.3987803098
1h,20000,14,2,2018,2018,5505407241.98648
1h,20000,14,3,1695,1695,322612410.3706982
1h,20000,14,4,1484,1484,39379902.15635298
1h,20000,14,5,1317,1317,9157940.002417065
1h,20000,14,6,1189,1189,2912776.853743653
1h,20000,14,7,1086,1086,1410817.6341824362
1h,20000,14,8,1024,1024,737179.2408953457
1h,20000,14,9,942,942,434395.49592480663
1h,20000,2,2,0,0,0.0
1h,20000,2,3,3937,3936,-99.99999999999999
1h,20000,2,4,3498,3497,-99.99999999999987
1h,20000,2,5,3167,3166,-99.9999999999989
1h,20000,2,6,2922,2921,-99.99999999999342
1h,20000,2,7,2706,2705,-99.999999999972
1h,20000,2,8,2569,2568,-99.99999999989731
1h,20000,2,9,2438,2437,-99.99999999968087
1h,20000,3,2,3936,3936,15079577313775.29
1h,20000,3,3,0,0,0.0
1h,20000,3,4,2942,2941,-99.99999999999056
1h,20000,3,5,2635,2634,-99.99999999988582
1h,20000,3,6,2444,2443,-99.99999999934315
1h,20000,3,7,2291,2290,-99.9999999978581
1h,20000,3,8,2136,2135,-99.99999999161356
1h,20000,3,9,2048,2047,-99.99999997254137
1h,20000,4,2,3498,3498,6000968767305.805
1h,20000,4,3,2942,2942,463280769441.15564
1h,20000,4,4,0,0,0.0
1h,20000,4,5,2333,2332,-99.99999999736244
1h,20000,4,6,2130,2129,-99.99999998618992
1h,20000,4,7,1988,1987,-99.99999993321967
1h,20000,4,8,1876,1875,-99.99999978500735
1h,20000,4,9,1799,1798,-99.99999949728026
1h,20000,5,2,3167,3167,2024186404409.6958
1h,20000,5,3,2635,2635,96279036195.38043
1h,20000,5,4,2333,2333,10321097029.45988
1h,20000,5,5,0,0,0.0
1h,20000,5,6,1914,1913,-99.99999983010898
1h,20000,5,7,1794,1793,-99.99999934298329
1h,20000,5,8,1703,1702,-99.99999825341055
1h,20000,5,9,1605,1604,-99.99999575467491
1h,20000,6,2,2922,2922,707291728657.0552
1h,20000,6,3,2444,2444,29760442112.83314
1h,20000,6,4,2130,2130,3614387411.634429
1h,20000,6,5,1913,1913,562870753.205162
1h,20000,6,6,0,0,0.0
1h,20000,6,7,1648,1647,-99.99999712544555
1h,20000,6,8,1558,1557,-99.99999132622422
1h,20000,6,9,1462,1461,-99.99997974442113
1h,20000,7,2,2706,2706,317976627349.63965
1h,20000,7,3,2291,2291,14447911022.658924
1h,20000,7,4,1988,1988,1150942928.4340105
1h,20000,7,5,1794,1794,209454914.8318021
1h,20000,7,6,1648,1648,73970246.71927837
1h,20000,7,7,0,0,0.0
1h,20000,7,8,1430,1429,-99.99997008596313
1h,20000,7,9,1347,1346,-99.9999409400905
1h,20000,8,2,2568,2568,129673533901.69348
1h,20000,8,3,2135,2135,5825935095.057194
1h,20000,8,4,1875,1875,496082525.26743114
1h,20000,8,5,1702,1702,102319156.63232021
1h,20000,8,6,1557,1557,32085282.01495214
1h,20000,8,7,1429,1429,13559319.787787253
1h,20000,8,8,0,0,0.0
1h,20000,8,9,1276,1275,-99.99984988657503
1h,20000,9,2,2438,2438,62814112815.623
1h,20000,9,3,2048,2048,2354489053.7477593
1h,20000,9,4,1799,1799,268617810.26581067
1h,20000,9,5,1605,1605,56952253.1955531
1h,20000,9,6,1462,1462,18311329.283129778
1h,20000,9,7,1347,1347,8869804.640359279
1h,20000,9,8,1276,1276,4319843.791980036
1h,20000,9,9,0,0,0.0
1h,20000,30,11,568,568,33780.10021837016
1h,20000,30,12,536,536,27934.62879292781
1h,20000,30,13,508,508,23188.256715651947
1h,20000,30,14,488,487,17024.293500442454
1h,20000,30,15,483,482,15661.018247143704
1h,20000,30,16,467,466,10487.00377723271
1h,20000,30,17,454,453,7765.968087263326
1h,20000,30,18,440,439,7107.625058826493
1h,20000,30,19,430,429,5683.290381707981
1h,20000,30,20,418,417,5370.215402178566
1h,20000,30,21,401,400,5314.328513887519
1h,20000,30,22,394,393,5035.232807783153
1h,20000,30,23,385,384,4696.564876979072
1h,20000,30,24,378,377,4475.040154660747
1h,20000,30,25,373,372,4275.476990269583
1h,20000,30,26,362,361,3265.749225462799
1h,20000,30,27,357,356,3924.104036844662
1h,20000,30,28,339,338,2936.8778611678367
1h,20000,30,29,332,331,2947.0887144798044
1h,20000,31,11,549,549,31328.786252094797
1h,20000,31,12,522,522,26346.647866776646
1h,20000,31,13,507,507,21322.877568689582
1h,20000,31,14,494,493,16142.138166419036
1h,20000,31,15,473,472,12712.350056808213
1h,20000,31,16,460,459,9048.054790818
1h,20000,31,17,446,445,7902.21741602505
1h,20000,31,18,430,429,6209.892973338293
1h,20000,31,19,423,422,5892.824396320845
1h,20000,31,20,412,411,5237.585643422449
1h,20000,31,21,400,399,5026.337301698497
1h,20000,31,22,385,384,5005.633461742047
1h,20000,31,23,376,375,4581.883364904008
1h,20000,31,24,372,371,4326.225949431784
1h,20000,31,25,367,366,3929.762765771852
1h,20000,31,26,353,352,4103.129629897702
1h,20000,31,27,342,341,3501.34900120091
1h,20000,31,28,333,332,2931.1122835534043
1h,20000,31,29,327,326,2485.191982616298
1h,20000,32,11,552,552,29027.778801153687
1h,20000,32,12,517,516,25159.842612261193
1h,20000,32,13,506,505,19712.98833444116
1h,20000,32,14,491,490,15209.680320830179
1h,20000,32,15,469,468,11325.747518068727
1h,20000,32,16,461,460,8231.520213557007
1h,20000,32,17,441,440,7097.344314426722
1h,20000,32,18,428,427,6232.224351632737
1h,20000,32,19,414,413,5674.323025493725
1h,20000,32,20,402,401,5232.903486499645
1h,20000,32,21,390,389,5125.7045412861025
1h,20000,32,22,376,375,4708.877424082653
1h,20000,32,23,373,372,4058.3510154526143
1h,20000,32,24,367,366,4245.035808300193
1h,20000,32,25,357,356,4001.0170094433165
1h,20000,32,26,344,343,3434.0778672491647
1h,20000,32,27,335,334,2945.5694767914247
1h,20000,32,28,328,327,2441.7242771599936
1h,20000,32,29,327,326,2527.335006246399
1h,20000,33,11,541,540,28842.937642778954
1h,20000,33,12,518,517,23995.3235533705
1h,20000,33,13,500,499,18470.42469265752
1h,20000,33,14,479,478,13871.435607295774
1h,20000,33,15,465,464,10096.85105270895
1h,20000,33,16,452,451,8292.225721932333
1h,20000,33,17,437,436,6582.455882761479
1h,20000,33,18,422,421,6127.878660106404
1h,20000,33,19,405,404,5587.79792379298
1h,20000,33,20,396,395,5211.424637801393
1h,20000,33,21,375,374,4938.221436747054
1h,20000,33,22,377,376,4433.182386160605
1h,20000,33,23,370,369,4252.751853796198
1h,20000,33,24,360,359,3893.1416218416393
1h,20000,33,25,348,347,3428.797367971048
1h,20000,33,26,336,335,2684.2875456573233
1h,20000,33,27,328,327,2610.742283508868
1h,20000,33,28,326,325,2492.666882370946
1h,20000,33,29,320,319,2534.960428063078
1h,20000,34,11,532,531,23969.357903411976
1h,20000,34,12,513,512,19207.02472659185
1h,20000,34,13,497,496,15226.228522827038
1h,20000,34,14,472,471,10783.899290182206
1h,20000,34,15,466,465,8719.152387905378
1h,20000,34,16,441,440,6623.717009503232
1h,20000,34,17,426,425,5838.445634828418
1h,20000,34,18,417,416,5119.142695805328
1h,20000,34,19,393,392,4781.160085782336
1h,20000,34,20,383,382,4582.835295796945
1h,20000,34,21,377,376,4080.914026972716
1h,20000,34,22,369,368,4235.021784269898
1h,20000,34,23,356,355,3355.0094093901707
1h,20000,34,24,348,347,3274.5427747353306
1h,20000,34,25,338,337,2864.8177985839734
1h,20000,34,26,332,331,2306.017978242795
1h,20000,34,27,325,324,2168.7915406190054
1h,20000,34,28,317,316,2236.2641088436862
1h,20000,34,29,318,317,1870.9413791076106
1h,20000,35,11,530,529,22943.394488877086
1h,20000,35,12,511,510,17397.288595678227
1h,20000,35,13,488,487,12957.110713332208
1h,20000,35,14,473,472,10424.803684815406
1h,20000,35,15,451,450,8054.965426454692
1h,20000,35,16,437,436,6227.463484067246
1h,20000,35,17,425,424,5586.207285516423
1h,20000,35,18,408,407,5051.053620720014
1h,20000,35,19,391,390,4954.953127946523
1h,20000,35,20,380,379,4418.5905686369015
1h,20000,35,21,377,376,4387.083868038348
1h,20000,35,22,356,355,3799.6592141909546
1h,20000,35,23,353,352,3592.5579567737464
1h,20000,35,24,342,341,3081.098614942793
1h,20000,35,25,335,334,2413.906618205454
1h,20000,35,26,328,327,2195.9343378464055
1h,20000,35,27,320,319,2261.7733176316538
1h,20000,35,28,314,313,1944.5518455211084
1h,20000,35,29,317,316,1943.3868979943618
1h,20000,36,11,525,524,21454.191946016097
1h,20000,36,12,501,500,16267.204943761812
1h,20000,36,13,488,487,11571.392230962541
1h,20000,36,14,464,463,9646.828178190366
1h,20000,36,15,444,443,7603.588728302157
1h,20000,36,16,429,428,6092.2558204279
1h,20000,36,17,411,410,5515.630141971276
1h,20000,36,18,388,387,4963.730640669235
1h,20000,36,19,386,385,4361.11064516746
1h,20000,36,20,375,374,4320.35704729315
1h,20000,36,21,368,367,4080.1396648931627
1h,20000,36,22,359,358,3639.60333634248
1h,20000,36,23,349,348,3207.1322769859535
1h,20000,36,24,335,334,2504.20583076832
1h,20000,36,25,331,330,2247.200487048994
1h,20000,36,26,321,320,2213.352707762486
1h,20000,36,27,316,315,2082.8194370447063
1h,20000,36,28,320,319,2000.0445091434517
1h,20000,36,29,319,318,1722.070271025813
1h,20000,37,11,519,518,20712.32050483237
1h,20000,37,12,498,497,15374.22989611989
1h,20000,37,13,480,479,11853.832426622788
1h,20000,37,14,458,457,8386.400997189734
1h,20000,37,15,432,431,7381.21453719371
1h,20000,37,16,416,415,5733.529899834063
1h,20000,37,17,400,399,5329.287023353879
1h,20000,37,18,388,387,4806.2592412392405
1h,20000,37,19,376,375,4374.16794238801
1h,20000,37,20,365,364,4821.306374395803
1h,20000,37,21,360,359,3739.6981422117224
1h,20000,37,22,351,350,3295.503775541931
1h,20000,37,23,337,336,2814.3895886988
1h,20000,37,24,335,334,2285.6834588235
1h,20000,37,25,325,324,2267.307026931086
1h,20000,37,26,319,318,2125.9521497115647
1h,20000,37,27,324,323,1974.8026122190997
1h,20000,37,28,319,318,1759.676304931368
1h,20000,37,29,301,300,1599.7533191144726
1h,20000,38,11,515,514,18674.956992361505
1h,20000,38,12,496,495,15521.202997338989
1h,20000,38,13,477,476,11108.334657179652
1h,20000,38,14,452,451,7807.997389371356
1h,20000,38,15,428,427,6411.764540609727
1h,20000,38,16,417,416,5934.8091206307945
1h,20000,38,17,393,392,5201.381926087737
1h,20000,38,18,376,375,4729.148822639275
1h,20000,38,19,371,370,5170.631009892984
1h,20000,38,20,357,356,4432.253792158668
1h,20000,38,21,354,353,3454.6549614955056
1h,20000,38,22,345,344,3133.1430682931937
1h,20000,38,23,336,335,2461.939876660865
1h,20000,38,24,327,326,2314.719394213208
1h,20000,38,25,324,323,2234.092897652328
1h,20000,38,26,323,322,2029.763406702097
1h,20000,38,27,321,320,1766.1489281473305
1h,20000,38,28,302,301,1658.8758063103512
1h,20000,38,29,303,302,1607.245281703034
1h,20000,39,11,510,509,18208.757631517215
1h,20000,39,12,486,485,13144.723653560672
1h,20000,39,13,466,465,9640.49435656981
1h,20000,39,14,439,438,7853.288773938921
1h,20000,39,15,422,421,6597.978616773069
1h,20000,39,16,404,403,6305.0587320679015
1h,20000,39,17,387,386,5075.839077278281
1h,20000,39,18,372,371,5000.381598837393
1h,20000,39,19,360,359,5088.058969857543
1h,20000,39,20,356,355,3878.1151871420752
1h,20000,39,21,349,348,3532.712934608484
1h,20000,39,22,337,336,2779.2631844450593
1h,20000,39,23,330,329,2372.6950470483857
1h,20000,39,24,328,327,2337.497742654881
1h,20000,39,25,329,328,2133.2887798705883
1h,20000,39,26,325,324,1759.4475658784952
1h,20000,39,27,307,306,1725.944433876272
1h,20000,39,28,304,303,1669.8538493721521
1h,20000,39,29,302,301,1604.4423404178715
1h,20000,40,11,505,504,17697.87393213119
1h,20000,40,12,486,485,12873.66017429821
1h,20000,40,13,461,460,8896.256029813603
1h,20000,40,14,427,426,7659.66557808151
1h,20000,40,15,411,410,7576.93248529258
1h,20000,40,16,401,400,5975.525268743999
1h,20000,40,17,381,380,5693.759652555163
1h,20000,40,18,371,370,5138.032109117266
1h,20000,40,19,360,359,4496.994513585499
1h,20000,40,20,352,351,3570.5029619706606
1h,20000,40,21,345,344,2911.0003261742527
1h,20000,40,22,334,333,2573.9374190169224
1h,20000,40,23,333,332,2540.503296947445
1h,20000,40,24,335,334,2262.9935043484097
1h,20000,40,25,328,327,1910.561230430659
1h,20000,40,26,312,311,1704.8479596095497
1h,20000,40,27,310,309,1699.1148786935084
1h,20000,40,28,302,301,1712.0643848968257
1h,20000,40,29,300,299,1586.0242559882113
1h,20000,41,11,501,500,17089.224916848972
1h,20000,41,12,482,481,11591.2601153246
1h,20000,41,13,451,450,8603.480455679595
1h,20000,41,14,422,421,7780.570807789902
1h,20000,41,15,407,406,7343.3050945309415
1h,20000,41,16,393,392,5975.016662345185
1h,20000,41,17,381,380,5376.774833065303
1h,20000,41,18,366,365,4956.644403645872
1h,20000,41,19,357,356,3918.574594164479
1h,20000,41,20,347,346,3416.657977605804
1h,20000,41,21,343,342,2712.222295101265
1h,20000,41,22,340,339,2435.3799256335337
1h,20000,41,23,342,341,2423.8207559757443
1h,20000,41,24,331,330,2066.9898598661625
1h,20000,41,25,315,314,1748.151826945189
1h,20000,41,26,315,314,1732.7462096479856
1h,20000,41,27,304,303,1734.3376299656804
1h,20000,41,28,303,302,1660.6289211093333
1h,20000,41,29,295,294,1772.2824576283517
1h,20000,42,11,495,494,16711.809376977988
1h,20000,42,12,476,475,10830.27386630869
1h,20000,42,13,448,447,8952.226568608488
1h,20000,42,14,418,417,7651.27715467575
1h,20000,42,15,407,406,7256.365300757842
1h,20000,42,16,386,385,5720.749551726436
1h,20000,42,17,376,375,5243.74538858311
1h,20000,42,18,366,365,4382.588075194591
1h,20000,42,19,356,355,3659.360693507051
1h,20000,42,20,352,351,2962.903919700657
1h,20000,42,21,338,337,2563.2177471997743
1h,20000,42,22,343,342,2329.8167621052235
1h,20000,42,23,335,334,2201.229974492422
1h,20000,42,24,321,320,1857.2756917810073
1h,20000,42,25,315,314,1818.3985986223072
1h,20000,42,26,306,305,1898.96052797349
1h,20000,42,27,304,303,1694.5033856770333
1h,20000,42,28,298,297,1663.3497698230506
1h,20000,42,29,287,286,1676.846013440726
1h,20000,43,11,490,489,15367.108977042164
1h,20000,43,12,470,469,10886.886158147545
1h,20000,43,13,443,442,9642.636776059162
1h,20000,43,14,422,421,7806.835621456531
1h,20000,43,15,404,403,6808.466304821314
1h,20000,43,16,381,380,5626.347923775127
1h,20000,43,17,369,368,5241.258444767705
1h,20000,43,18,360,359,4212.894084708996
1h,20000,43,19,352,351,3228.9908856440766
1h,20000,43,20,348,347,2622.12583700689
1h,20000,43,21,338,337,2584.8390343519286
1h,20000,43,22,336,335,2332.975642348388
1h,20000,43,23,328,327,1941.3094381149763
1h,20000,43,24,324,323,1870.4459635919761
1h,20000,43,25,314,313,1829.0474492761343
1h,20000,43,26,308,307,1754.3076125010018
1h,20000,43,27,299,298,1751.3183452009166
1h,20000,43,28,289,288,1660.2805366036132
1h,20000,43,29,282,281,1627.7146365296796
1h,20000,44,11,484,483,13922.371697861026
1h,20000,44,12,460,459,10679.10945838763
1h,20000,44,13,444,443,8456.14352813423
1h,20000,44,14,417,416,7568.417184445696
1h,20000,44,15,393,392,6295.569567728746
1h,20000,44,16,378,377,5713.992368509442
1h,20000,44,17,368,367,4411.7248241030275
1h,20000,44,18,356,355,3660.0158361258564
1h,20000,44,19,353,352,2962.1554247751405
1h,20000,44,20,352,351,2590.605574380546
1h,20000,44,21,336,335,2296.7919189463464
1h,20000,44,22,330,329,2206.107807515009
1h,20000,44,23,330,329,1971.6341876062213
1h,20000,44,24,323,322,1826.8946840419844
1h,20000,44,25,311,310,1885.2466645869847
1h,20000,44,26,301,300,1792.6562711879494
1h,20000,44,27,296,295,1774.7467659563167
1h,20000,44,28,285,284,1626.1501806497488
1h,20000,44,29,277,276,1586.5265352951785
1h,20000,45,11,479,478,12585.815439317064
1h,20000,45,12,455,454,10195.58840107077
1h,20000,45,13,443,442,8258.574831785365
1h,20000,45,14,414,413,6930.514293497765
1h,20000,45,15,391,390,6112.198292229767
1h,20000,45,16,373,372,5560.458537362579
1h,20000,45,17,361,360,4115.108787636462
1h,20000,45,18,359,358,3298.0331306509115
1h,20000,45,19,350,349,2718.8676708868798
1h,20000,45,20,341,340,2396.6760464847293
1h,20000,45,21,333,332,2250.0138323366327
1h,20000,45,22,331,330,2002.447066724439
1h,20000,45,23,329,328,1820.0872007726964
1h,20000,45,24,320,319,1762.1712960174043
1h,20000,45,25,305,304,1867.4926644293141
1h,20000,45,26,297,296,1807.3972768696951
1h,20000,45,27,287,286,1619.5449025107116
1h,20000,45,28,281,280,1639.2232230608834
1h,20000,45,29,280,279,1429.6268510533864
1h,20000,46,11,476,475,12553.384454289546
1h,20000,46,12,457,456,9740.104699159234
1h,20000,46,13,436,435,8209.243979398081
1h,20000,46,14,407,406,7222.6341681433805
1h,20000,46,15,379,378,6080.225133917496
1h,20000,46,16,372,371,4902.581040312526
1h,20000,46,17,360,359,3559.759076469284
1h,20000,46,18,355,354,3148.716917156014
1h,20000,46,19,350,349,2819.0484280918863
1h,20000,46,20,337,336,2428.2760037495154
1h,20000,46,21,337,336,2034.2312115240272
1h,20000,46,22,332,331,2004.030838796351
1h,20000,46,23,322,321,1782.0593801610141
1h,20000,46,24,311,310,2005.592694574421
1h,20000,46,25,304,303,1765.2706601816383
1h,20000,46,26,295,294,1691.899479029237
1h,20000,46,27,284,283,1572.997250705907
1h,20000,46,28,282,281,1440.0198868341881
1h,20000,46,29,281,280,1257.225192603883
1h,20000,47,11,474,473,12918.560679030265
1h,20000,47,12,457,456,9724.618393605686
1h,20000,47,13,440,439,7904.60522251116
1h,20000,47,14,405,404,6812.612627374761
1h,20000,47,15,379,378,6134.131792942585
1h,20000,47,16,370,369,4283.882628675508
1h,20000,47,17,364,363,3499.659965036239
1h,20000,47,18,350,349,3090.667290215454
1h,20000,47,19,341,340,2557.38880053826
1h,20000,47,20,343,342,2295.6239254547127
1h,20000,47,21,337,336,2097.985329229041
1h,20000,47,22,330,329,1990.2943882281918
1h,20000,47,23,320,319,1861.0750009856865
1h,20000,47,24,309,308,1952.3950369471156
1h,20000,47,25,301,300,1912.4370517754364
1h,20000,47,26,288,287,1611.4041113848898
1h,20000,47,27,283,282,1491.210585717591
1h,20000,47,28,283,282,1316.667683776074
1h,20000,47,29,280,279,1212.6003716243408
1h,20000,48,11,470,469,12530.098533260227
1h,20000,48,12,452,451,9526.21939258803
1h,20000,48,13,427,426,8087.472303738499
1h,20000,48,14,401,400,6694.119515157182
1h,20000,48,15,380,379,5184.8556693033015
1h,20000,48,16,371,370,3954.473039099171
1h,20000,48,17,363,362,3581.094816015396
1h,20000,48,18,352,351,2990.334298057516
1h,20000,48,19,344,343,2512.5418149756974
1h,20000,48,20,340,339,2161.2782312679724
1h,20000,48,21,332,331,2080.2545281193197
1h,20000,48,22,320,319,1938.1657999277554
1h,20000,48,23,310,309,1965.6185125454585
1h,20000,48,24,300,299,1962.6412183850832
1h,20000,48,25,295,294,1783.611889713893
1h,20000,48,26,286,285,1621.9638624634722
1h,20000,48,27,284,283,1430.5446256124667
1h,20000,48,28,283,282,1301.4004560433596
1h,20000,48,29,273,272,1113.7420747643966
1h,20000,49,11,474,473,10732.914220940902
1h,20000,49,12,450,449,9034.33610644522
1h,20000,49,13,420,419,7608.735484816194
1h,20000,49,14,399,398,6741.930133786008
1h,20000,49,15,384,383,4716.887772689556
1h,20000,49,16,368,367,3988.0778593317514
1h,20000,49,17,359,358,3612.831423711507
1h,20000,49,18,346,345,2837.7417842174696
1h,20000,49,19,342,341,2411.3704224711737
1h,20000,49,20,336,335,2085.9588970980194
1h,20000,49,21,324,323,2085.6561023486097
1h,20000,49,22,315,314,1951.8312000459186
1h,20000,49,23,303,302,1976.911857430044
1h,20000,49,24,301,300,1816.677796031186
1h,20000,49,25,294,293,1691.0787158530113
1h,20000,49,26,283,282,1621.5717930340513
1h,20000,49,27,284,283,1378.2793696499455
1h,20000,49,28,276,275,1238.2612926925199
1h,20000,49,29,277,276,1091.8648138052608
1h,20000,50,11,466,465,10517.254688039815
1h,20000,50,12,446,445,8657.686716656093
1h,20000,50,13,424,423,7414.383445060966
1h,20000,50,14,400,399,5736.5566986202275
1h,20000,50,15,374,373,4461.877251484461
1h,20000,50,16,369,368,4065.320213416309
1h,20000,50,17,357,356,3484.591338629726
1h,20000,50,18,349,348,2776.770333337204
1h,20000,50,19,339,338,2366.4453058986664
1h,20000,50,20,331,330,2027.5103177416859
1h,20000,50,21,324,323,2148.52113886523
1h,20000,50,22,311,310,2092.121019392176
1h,20000,50,23,304,303,2067.6419190641673
1h,20000,50,24,298,297,1750.5218740824541
1h,20000,50,25,289,288,1669.7871165371976
1h,20000,50,26,286,285,1527.9493072268697
1h,20000,50,27,282,281,1273.7586246552664
1h,20000,50,28,281,280,1109.263412971116
1h,20000,50,29,280,279,1039.2891244080167
1h,20000,51,11,468,467,9768.035617596695
1h,20000,51,12,436,435,8285.293858939607
1h,20000,51,13,413,412,7896.41361754125
1h,20000,51,14,389,388,5742.143367942341
1h,20000,51,15,384,383,4609.990708006832
1h,20000,51,16,370,369,3704.9222806047183
1h,20000,51,17,355,354,3263.9939266110773
1h,20000,51,18,346,345,2641.533756203397
1h,20000,51,19,339,338,2305.6012410497806
1h,20000,51,20,328,327,2104.42777613852
1h,20000,51,21,317,316,2154.5275994255835
1h,20000,51,22,314,313,2169.045479449838
1h,20000,51,23,299,298,1871.3577883983653
1h,20000,51,24,294,293,1755.0655732332802
1h,20000,51,25,288,287,1559.8647891678813
1h,20000,51,26,285,284,1317.9689310018277
1h,20000,51,27,278,277,1232.1929243173786
1h,20000,51,28,280,279,1138.2998136547121
1h,20000,51,29,276,275,1113.229554800438
1h,20000,52,11,460,459,9555.930534180665
1h,20000,52,12,438,437,7996.421553211219
1h,20000,52,13,406,405,7100.624779574233
1h,20000,52,14,386,385,5230.07225254821
1h,20000,52,15,382,381,4676.6041900551045
1h,20000,52,16,368,367,3745.7258772969963
1h,20000,52,17,362,361,3021.780955935366
1h,20000,52,18,345,344,2620.317675025758
1h,20000,52,19,335,334,2309.936092026482
1h,20000,52,20,324,323,2175.1264091913054
1h,20000,52,21,320,319,2276.5989956504695
1h,20000,52,22,311,310,2243.6739410699756
1h,20000,52,23,295,294,1901.6935702415456
1h,20000,52,24,290,289,1686.1406082021708
1h,20000,52,25,287,286,1467.924281594655
1h,20000,52,26,285,284,1327.950816023813
1h,20000,52,27,281,280,1172.3361045880945
1h,20000,52,28,278,277,1078.8142280598072
1h,20000,52,29,279,278,953.2043331360032
1h,20000,53,11,445,444,9346.165981822824
1h,20000,53,12,423,422,8437.491152950135
1h,20000,53,13,396,395,6897.033478577816
1h,20000,53,14,384,383,5097.935188222468
1h,20000,53,15,376,375,4313.607737788712
1h,20000,53,16,368,367,3563.426834564086
1h,20000,53,17,357,356,2986.6516856611975
1h,20000,53,18,343,342,2556.2533984166166
1h,20000,53,19,329,328,2340.6721923770665
1h,20000,53,20,321,320,2335.6982407360615
1h,20000,53,21,312,311,2392.8333496566293
1h,20000,53,22,302,301,2054.2830227319077
1h,20000,53,23,292,291,1815.8652427580175
1h,20000,53,24,290,289,1554.4605158258883
1h,20000,53,25,286,285,1351.0366024107502
1h,20000,53,26,283,282,1218.3622773795405
1h,20000,53,27,278,277,1142.5389279211809
1h,20000,53,28,281,280,1109.2225750709079
1h,20000,53,29,278,277,959.1461045836398
1h,20000,54,11,440,439,9070.995493036407
1h,20000,54,12,420,419,7917.1273516699
1h,20000,54,13,395,394,5840.461527272475
1h,20000,54,14,381,380,4967.668763923838
1h,20000,54,15,368,367,4126.49516937556
1h,20000,54,16,357,356,3463.568379008435
1h,20000,54,17,355,354,2938.2974155029656
1h,20000,54,18,339,338,2417.066022745016
1h,20000,54,19,327,326,2386.5221530621384
1h,20000,54,20,316,315,2388.638671856028
1h,20000,54,21,308,307,2338.530213723817
1h,20000,54,22,299,298,2013.849837629691
1h,20000,54,23,293,292,1707.5620678583693
1h,20000,54,24,288,287,1521.650214314007
1h,20000,54,25,288,287,1241.3112264672689
1h,20000,54,26,283,282,1212.4342050413984
1h,20000,54,27,281,280,1153.8485367149653
1h,20000,54,28,280,279,992.3895731650539
1h,20000,54,29,277,276,876.1167891952305
1h,20000,55,11,437,436,9076.246795442685
1h,20000,55,12,415,414,7415.977060193262
1h,20000,55,13,399,398,5578.297114363267
1h,20000,55,14,379,378,4857.02655047003
1h,20000,55,15,364,363,4002.398828197957
1h,20000,55,16,355,354,3097.7229901941146
1h,20000,55,17,354,353,2921.7578131049254
1h,20000,55,18,331,330,2701.654588725717
1h,20000,55,19,325,324,2483.3870156382586
1h,20000,55,20,316,315,2260.4405000822867
1h,20000,55,21,301,300,2201.986825429549
1h,20000,55,22,296,295,1929.4634989312613
1h,20000,55,23,289,288,1524.490700771607
1h,20000,55,24,289,288,1357.2415476631074
1h,20000,55,25,290,289,1146.5148466143696
1h,20000,55,26,284,283,1200.2165092500381
1h,20000,55,27,281,280,1002.4909268836944
1h,20000,55,28,278,277,915.4373454323098
1h,20000,55,29,275,274,892.0819622531003
1h,20000,56,11,438,437,8800.973955214706
1h,20000,56,12,409,408,6671.18849540154
1h,20000,56,13,395,394,5247.036840569143
1h,20000,56,14,374,373,4693.032100737867
1h,20000,56,15,361,360,3603.0376089787487
1h,20000,56,16,351,350,3196.2837329480203
1h,20000,56,17,339,338,2758.569163062017
1h,20000,56,18,330,329,2546.7415133171758
1h,20000,56,19,329,328,2458.1148161563706
1h,20000,56,20,312,311,2342.3391737918214
1h,20000,56,21,297,296,2165.127763096101
1h,20000,56,22,295,294,1714.6973226393811
1h,20000,56,23,292,291,1575.4216716754047
1h,20000,56,24,290,289,1185.3651090021756
1h,20000,56,25,293,292,1173.5655986531951
1h,20000,56,26,286,285,1064.1737234382167
1h,20000,56,27,282,281,1042.7587494349511
1h,20000,56,28,282,281,876.156045156218
1h,20000,56,29,272,271,859.9254137406825
1h,20000,57,11,434,433,8570.131847831657
1h,20000,57,12,405,404,6155.166740217375
1h,20000,57,13,393,392,5468.975039033978
1h,20000,57,14,370,369,4601.158437166976
1h,20000,57,15,356,355,3915.654025257949
1h,20000,57,16,351,350,3071.5403613409826
1h,20000,57,17,335,334,2921.6966373544346
1h,20000,57,18,329,328,2473.3454096024693
1h,20000,57,19,320,319,2439.693050222903
1h,20000,57,20,307,306,2347.404623601485
1h,20000,57,21,300,299,2009.6770037683796
1h,20000,57,22,297,296,1576.8027165228868
1h,20000,57,23,295,294,1364.638257390353
1h,20000,57,24,294,293,1228.3159218298413
1h,20000,57,25,287,286,1107.3301054029332
1h,20000,57,26,286,285,1013.9333606324853
1h,20000,57,27,282,281,935.0122241186435
1h,20000,57,28,275,274,854.7950127422304
1h,20000,57,29,272,271,818.6519065558763
1h,20000,58,11,430,429,8263.106945651152
1h,20000,58,12,406,405,6128.549690050547
1h,20000,58,13,385,384,5273.906488494055
1h,20000,58,14,367,366,4355.641659557809
1h,20000,58,15,348,347,3573.933879855548
1h,20000,58,16,340,339,3273.9633964559985
1h,20000,58,17,333,332,2933.292282531939
1h,20000,58,18,326,325,2463.2414589638747
1h,20000,58,19,315,314,2518.7345291792712
1h,20000,58,20,303,302,2181.2127973491242
1h,20000,58,21,298,297,1778.3221023898022
1h,20000,58,22,297,296,1609.3686367968696
1h,20000,58,23,292,291,1316.5513117572032
1h,20000,58,24,288,287,1134.0114170693294
1h,20000,58,25,286,285,1070.8646079536302
1h,20000,58,26,282,281,959.6821167756423
1h,20000,58,27,280,279,893.1411400582132
1h,20000,58,28,276,275,860.325806426741
1h,20000,58,29,268,267,848.8605516794539
1h,20000,59,11,427,426,8347.73640067072
1h,20000,59,12,409,408,6358.5926038359785
1h,20000,59,13,384,383,5398.080498555654
1h,20000,59,14,369,368,4275.51424759791
1h,20000,59,15,347,346,3670.1036705231763
1h,20000,59,16,338,337,3105.528597182503
1h,20000,59,17,331,330,2742.5559008797622
1h,20000,59,18,318,317,2610.0668603702347
1h,20000,59,19,314,313,2423.0142807291036
1h,20000,59,20,304,303,2048.4255075273063
1h,20000,59,21,300,299,1734.3972165753407
1h,20000,59,22,293,292,1500.8984479856156
1h,20000,59,23,288,287,1245.8830444408513
1h,20000,59,24,286,285,1081.1326132288468
1h,20000,59,25,287,286,1059.1010642671242
1h,20000,59,26,282,281,934.9205560317544
1h,20000,59,27,279,278,895.6974339100467
1h,20000,59,28,272,271,848.0304563948678
1h,20000,59,29,262,261,845.7022284843637
1h,20000,60,11,428,427,8524.023135143063
1h,20000,60,12,400,399,6619.125050632414
1h,20000,60,13,384,383,5372.113959213001
1h,20000,60,14,364,363,4154.439787298612
1h,20000,60,15,344,343,3394.9934822738433
1h,20000,60,16,335,334,3179.917477316961
1h,20000,60,17,331,330,2725.7576265323123
1h,20000,60,18,321,320,2583.09863437039
1h,20000,60,19,311,310,2256.934844239001
1h,20000,60,20,301,300,1954.9024148945612
1h,20000,60,21,298,297,1659.6035315370273
1h,20000,60,22,293,292,1397.3414177312345
1h,20000,60,23,290,289,1174.5913922449424
1h,20000,60,24,284,283,1094.249702533866
1h,20000,60,25,285,284,1023.0149975255235
1h,20000,60,26,275,274,875.1269439496873
1h,20000,60,27,273,272,914.3030000142949
1h,20000,60,28,263,262,876.1358569930302
1h,20000,60,29,259,258,732.0659504862341
1h,20000,61,11,431,430,8091.889496242956
1h,20000,61,12,404,403,6615.53741723224
1h,20000,61,13,378,377,5451.723936535073
1h,20000,61,14,357,356,3869.459114182032
1h,20000,61,15,343,342,3318.8788577222285
1h,20000,61,16,328,327,3122.9743778544366
1h,20000,61,17,326,325,2530.257881227904
1h,20000,61,18,321,320,2734.1685283959423
1h,20000,61,19,302,301,2189.3775005115745
1h,20000,61,20,304,303,1748.1670775274752
1h,20000,61,21,300,299,1480.672911759897
1h,20000,61,22,295,294,1341.6785726704616
1h,20000,61,23,289,288,1091.5243442116036
1h,20000,61,24,284,283,1108.9699861890324
1h,20000,61,25,279,278,922.061678872549
1h,20000,61,26,278,277,961.8157687453989
1h,20000,61,27,270,269,917.2518927361921
1h,20000,61,28,258,257,839.8770573024054
1h,20000,61,29,255,254,681.9821976148786
1h,20000,62,11,432,431,7968.359111461453
1h,20000,62,12,404,403,6750.235108753948
1h,20000,62,13,371,370,5269.1353411767195
1h,20000,62,14,351,350,3932.7220285956223
1h,20000,62,15,337,336,3452.865913981772
1h,20000,62,16,331,330,3043.2745055164214
1h,20000,62,17,322,321,2734.8802072303947
1h,20000,62,18,314,313,2480.7665551080936
1h,20000,62,19,307,306,2013.0873950018306
1h,20000,62,20,304,303,1645.5025003278522
1h,20000,62,21,297,296,1484.5513988728192
1h,20000,62,22,297,296,1211.9975698054016
1h,20000,62,23,288,287,1129.5212103295364
1h,20000,62,24,288,287,981.4265901967711
1h,20000,62,25,280,279,954.5502135565044
1h,20000,62,26,275,274,918.1901214107644
1h,20000,62,27,264,263,925.3691144898287
1h,20000,62,28,260,259,803.6520083008377
1h,20000,62,29,250,249,669.6231103734734
1h,20000,63,11,425,424,7876.953455024047
1h,20000,63,12,401,400,6631.396130690827
1h,20000,63,13,367,366,5528.275330305423
1h,20000,63,14,349,348,3934.112750419812
1h,20000,63,15,337,336,3643.4951779607145
1h,20000,63,16,326,325,2791.9348491000505
1h,20000,63,17,319,318,2762.946804715147
1h,20000,63,18,309,308,2418.4261640155273
1h,20000,63,19,311,310,1804.0514339233753
1h,20000,63,20,305,304,1548.139027037038
1h,20000,63,21,299,298,1374.6167179144093
1h,20000,63,22,297,296,1186.7481173716858
1h,20000,63,23,288,287,1036.3397373808443
1h,20000,63,24,280,279,972.3246909520848
1h,20000,63,25,278,277,1058.4347360513102
1h,20000,63,26,276,275,983.5661888488112
1h,20000,63,27,263,262,872.5048600856235
1h,20000,63,28,253,252,714.7797536130639
1h,20000,63,29,248,247,649.1455795122716
1h,20000,64,11,423,422,7911.80988169218
1h,20000,64,12,397,396,6402.7107626986935
1h,20000,64,13,365,364,5007.526311590948
1h,20000,64,14,356,355,3896.5117935239787
1h,20000,64,15,339,338,3236.5367024332945
1h,20000,64,16,332,331,2735.831501373068
1h,20000,64,17,327,326,2716.571675747965
1h,20000,64,18,317,316,2074.697988907678
1h,20000,64,19,307,306,1735.9200779417429
1h,20000,64,20,309,308,1384.4998351558731
1h,20000,64,21,301,300,1216.2501870316771
1h,20000,64,22,293,292,1199.272483329052
1h,20000,64,23,288,287,961.1039358186513
1h,20000,64,24,283,282,1041.1884637899154
1h,20000,64,25,277,276,943.284597052339
1h,20000,64,26,268,267,928.6877859490794
1h,20000,64,27,258,257,851.6783937136674
1h,20000,64,28,251,250,687.7386079317616
1h,20000,64,29,241,240,655.849724653239
1h,20000,65,11,417,416,7459.53025663061
1h,20000,65,12,385,384,5830.334609899037
1h,20000,65,13,367,366,4955.852902620049
1h,20000,65,14,355,354,3832.6363353132338
1h,20000,65,15,338,337,2863.381172630403
1h,20000,65,16,331,330,2699.764986400304
1h,20000,65,17,322,321,2458.8588386361535
1h,20000,65,18,314,313,1912.9207561762182
1h,20000,65,19,309,308,1564.9485316292885
1h,20000,65,20,307,306,1355.046286694163
1h,20000,65,21,304,303,1260.6046429140304
1h,20000,65,22,291,290,1065.0800124897826
1h,20000,65,23,286,285,992.8203249689618
1h,20000,65,24,274,273,1068.928218934446
1h,20000,65,25,272,271,950.2304341275302
1h,20000,65,26,268,267,891.1124650632294
1h,20000,65,27,258,257,747.2059679819748
1h,20000,65,28,247,246,733.7532799000883
1h,20000,65,29,248,247,679.1653558240668
1h,20000,66,11,411,410,7244.453240504305
1h,20000,66,12,386,385,5541.984926281275
1h,20000,66,13,363,362,4347.926454529327
1h,20000,66,14,356,355,3437.0355414386245
1h,20000,66,15,338,337,2719.965592430004
1h,20000,66,16,328,327,2670.31679470146
1h,20000,66,17,320,319,2384.713983684148
1h,20000,66,18,309,308,1927.3318280607743
1h,20000,66,19,312,311,1547.9448906100067
1h,20000,66,20,303,302,1266.2714960918333
1h,20000,66,21,299,298,1189.7236697756857
1h,20000,66,22,290,289,1067.5826235176166
1h,20000,66,23,286,285,997.6716505810309
1h,20000,66,24,274,273,1047.168543297576
1h,20000,66,25,265,264,930.4981373914231
1h,20000,66,26,260,259,851.3080445279707
1h,20000,66,27,254,253,827.6555252685682
1h,20000,66,28,248,247,708.2536077546988
1h,20000,66,29,245,244,725.3690186999942
1h,20000,67,11,413,412,6817.511460113832
1h,20000,67,12,386,385,5467.660701117639
1h,20000,67,13,363,362,4185.735523769425
1h,20000,67,14,347,346,3190.795307801342
1h,20000,67,15,329,328,2747.4956174103495
1h,20000,67,16,324,323,2517.8902698731104
1h,20000,67,17,314,313,2190.476844293233
1h,20000,67,18,311,310,1830.459816653402
1h,20000,67,19,306,305,1369.8032945491043
1h,20000,67,20,302,301,1173.2542999201896
1h,20000,67,21,299,298,1051.2907948440893
1h,20000,67,22,291,290,1053.1804254732324
1h,20000,67,23,283,282,1041.8404943828643
1h,20000,67,24,273,272,981.5301989685369
1h,20000,67,25,262,261,912.1454847351307
1h,20000,67,26,261,260,804.9261385712865
1h,20000,67,27,254,253,759.498123451018
1h,20000,67,28,251,250,745.6883084662055
1h,20000,67,29,241,240,713.8527363123824
1h,20000,68,11,405,404,7095.177620630386
1h,20000,68,12,385,384,5833.0944536145835
1h,20000,68,13,360,359,3882.5286843610925
1h,20000,68,14,338,337,3090.362511403897
1h,20000,68,15,328,327,2695.3330027094134
1h,20000,68,16,314,313,2459.8501791634826
1h,20000,68,17,311,310,2032.1112914184205
1h,20000,68,18,309,308,1804.48825196791
1h,20000,68,19,302,301,1352.3851089046457
1h,20000,68,20,299,298,1194.631395016574
1h,20000,68,21,295,294,1079.3203487656765
1h,20000,68,22,288,287,1045.020138986561
1h,20000,68,23,287,286,1064.4324134627411
1h,20000,68,24,266,265,973.9321928880305
1h,20000,68,25,266,265,894.8290864126986
1h,20000,68,26,256,255,831.2952634322389
1h,20000,68,27,254,253,742.0356511986546
1h,20000,68,28,244,243,725.5658690636992
1h,20000,68,29,240,239,637.2218463570678
1h,20000,69,11,399,398,6549.3585779006835
1h,20000,69,12,377,376,5318.281424016382
1h,20000,69,13,358,357,3831.260585579649
1h,20000,69,14,337,336,2916.903199269386
1h,20000,69,15,321,320,2667.815723770027
1h,20000,69,16,321,320,2387.9466661325205
1h,20000,69,17,312,311,2017.7964984821297
1h,20000,69,18,304,303,1698.1144442942675
1h,20000,69,19,305,304,1346.0315813485615
1h,20000,69,20,297,296,1168.8675231102989
1h,20000,69,21,293,292,1042.3906777851762
1h,20000,69,22,285,284,1037.453921883019
1h,20000,69,23,274,273,959.6100851953505
1h,20000,69,24,267,266,957.104979750891
1h,20000,69,25,261,260,821.6738754602728
1h,20000,69,26,254,253,779.1331190585801
1h,20000,69,27,242,241,779.402553140293
1h,20000,69,28,240,239,724.3245414718581
1h,20000,69,29,235,234,591.9151583472911
1h,20000,70,11,396,395,6460.90826604748
1h,20000,70,12,374,373,5097.300447891273
1h,20000,70,13,353,352,3696.0334733530003
1h,20000,70,14,336,335,2936.5204395606656
1h,20000,70,15,327,326,2662.853462594408
1h,20000,70,16,323,322,2163.260546786536
1h,20000,70,17,316,315,1946.4037840010385
1h,20000,70,18,311,310,1508.2737728671348
1h,20000,70,19,301,300,1337.7546894925329
1h,20000,70,20,299,298,1182.0025943376843
1h,20000,70,21,289,288,1108.6013033241416
1h,20000,70,22,276,275,1028.171682723324
1h,20000,70,23,266,265,979.8242311654736
1h,20000,70,24,261,260,927.3101623720897
1h,20000,70,25,259,258,798.484459919191
1h,20000,70,26,251,250,788.4494614401593
1h,20000,70,27,241,240,778.9110068900911
1h,20000,70,28,238,237,634.4452413291714
1h,20000,70,29,232,231,604.9751327219473
1h,20000,71,11,397,396,6033.013135534373
1h,20000,71,12,367,366,5015.315805848057
1h,20000,71,13,357,356,3748.101632252668
1h,20000,71,14,342,341,3017.7595278096383
1h,20000,71,15,325,324,2708.640274994481
1h,20000,71,16,323,322,2189.099415178865
1h,20000,71,17,313,312,1761.3257532758819
1h,20000,71,18,305,304,1445.9662104850925
1h,20000,71,19,299,298,1427.4848865222827
1h,20000,71,20,301,300,1121.6833575176395
1h,20000,71,21,281,280,1121.8863564209962
1h,20000,71,22,278,277,1004.0834141437759
1h,20000,71,23,261,260,966.3602586662114
1h,20000,71,24,260,259,869.4034495684083
1h,20000,71,25,253,252,838.6966101923274
1h,20000,71,26,247,246,760.7511872796822
1h,20000,71,27,243,242,758.6641517618987
1h,20000,71,28,236,235,635.6558073777055
1h,20000,71,29,231,230,612.4390869833977
1h,20000,72,11,393,392,6001.31932593109
1h,20000,72,12,368,367,5072.512656916464
1h,20000,72,13,357,356,3765.69349423904
1h,20000,72,14,337,336,3044.5536307147445
1h,20000,72,15,327,326,2528.2289215376823
1h,20000,72,16,321,320,2163.1465877302994
1h,20000,72,17,312,311,1834.1021633431285
1h,20000,72,18,304,303,1462.2714039741566
1h,20000,72,19,301,300,1388.1490123175495
1h,20000,72,20,290,289,1211.6197655648393
1h,20000,72,21,279,278,1053.496424687255
1h,20000,72,22,268,267,1040.5789741449753
1h,20000,72,23,260,259,973.5996478960926
1h,20000,72,24,256,255,860.4646574506799
1h,20000,72,25,250,249,875.6235651698224
1h,20000,72,26,241,240,844.3687129096554
1h,20000,72,27,235,234,748.8088720494694
1h,20000,72,28,233,232,607.6942033983776
1h,20000,72,29,228,227,605.433714849273
1h,20000,73,11,389,388,5793.059620805604
1h,20000,73,12,366,365,4934.737279901012
1h,20000,73,13,356,355,3546.619393492914
1h,20000,73,14,335,334,3114.640564156957
1h,20000,73,15,325,324,2484.219922666409
1h,20000,73,16,321,320,2156.09578468786
1h,20000,73,17,313,312,1756.1917638149964
1h,20000,73,18,305,304,1532.9608180234686
1h,20000,73,19,294,293,1361.5071781594447
1h,20000,73,20,286,285,1158.7680210452427
1h,20000,73,21,277,276,1100.9963439071923
1h,20000,73,22,265,264,1008.1245699980096
1h,20000,73,23,259,258,933.7723127683122
1h,20000,73,24,255,254,836.2448341440638
1h,20000,73,25,246,245,933.6100829328826
1h,20000,73,26,235,234,788.6006297351569
1h,20000,73,27,230,229,648.39733145894
1h,20000,73,28,231,230,643.8005493267825
1h,20000,73,29,227,226,616.9627449463712
1h,20000,74,11,390,389,5707.441328753889
1h,20000,74,12,369,368,4392.121674079423
1h,20000,74,13,353,352,3639.0133867029763
1h,20000,74,14,334,333,3083.8387376401843
1h,20000,74,15,324,323,2419.1830071135682
1h,20000,74,16,324,323,2024.1410178564518
1h,20000,74,17,319,318,1633.8373449678102
1h,20000,74,18,297,296,1434.6171319495095
1h,20000,74,19,294,293,1316.4586397728128
1h,20000,74,20,279,278,1228.9369606508067
1h,20000,74,21,273,272,1185.5706676988962
1h,20000,74,22,263,262,1048.0667869033866
1h,20000,74,23,258,257,906.3828608159378
1h,20000,74,24,254,253,887.7760786369003
1h,20000,74,25,240,239,919.5786475195781
1h,20000,74,26,234,233,758.0359735958392
1h,20000,74,27,228,227,615.0426681652767
1h,20000,74,28,230,229,628.9617966241599
1h,20000,74,29,232,231,594.9195389474406
1h,20000,75,11,390,389,5299.187525048672
1h,20000,75,12,374,373,4261.853569489893
1h,20000,75,13,352,351,3695.327562977337
1h,20000,75,14,331,330,2826.2789785369146
1h,20000,75,15,327,326,2370.5016816592997
1h,20000,75,16,325,324,2081.705703711361
1h,20000,75,17,309,308,1604.020191228208
1h,20000,75,18,296,295,1405.9230657713356
1h,20000,75,19,289,288,1276.91300467286
1h,20000,75,20,279,278,1257.1339181265862
1h,20000,75,21,272,271,1121.4254642570895
1h,20000,75,22,266,265,1027.1098383413869
1h,20000,75,23,258,257,870.6523795174617
1h,20000,75,24,247,246,947.6399348455636
1h,20000,75,25,236,235,850.1188968164028
1h,20000,75,26,229,228,738.2363193842407
1h,20000,75,27,228,227,632.3986293007422
1h,20000,75,28,232,231,662.173769185062
1h,20000,75,29,233,232,601.5919597366915
1h,20000,76,11,388,387,5075.295271183971
1h,20000,76,12,367,366,4179.172553243593
1h,20000,76,13,348,347,3266.4218263461685
1h,20000,76,14,335,334,2840.5198603861613
1h,20000,76,15,330,329,2264.650727145684
1h,20000,76,16,318,317,1972.8619615626094
1h,20000,76,17,308,307,1484.2507370751753
1h,20000,76,18,299,298,1351.919640869313
1h,20000,76,19,284,283,1288.602680826708
1h,20000,76,20,282,281,1221.6662708918475
1h,20000,76,21,270,269,1098.0023725387696
1h,20000,76,22,262,261,1024.4249358012512
1h,20000,76,23,250,249,898.7582311159059
1h,20000,76,24,241,240,946.8425632749896
1h,20000,76,25,234,233,801.291465055353
1h,20000,76,26,229,228,644.0065254110698
1h,20000,76,27,229,228,645.9453813287996
1h,20000,76,28,234,233,622.342067201655
1h,20000,76,29,235,234,608.7366342057157
1h,20000,77,11,387,386,5098.7525303523835
1h,20000,77,12,368,367,3951.138226004854
1h,20000,77,13,350,349,3131.4131507333686
1h,20000,77,14,330,329,2473.5594014922585
1h,20000,77,15,326,325,2040.9863320595114
1h,20000,77,16,321,320,1651.1359890648446
1h,20000,77,17,312,311,1529.9883568600048
1h,20000,77,18,297,296,1279.5874903339623
1h,20000,77,19,288,287,1244.5337253661685
1h,20000,77,20,278,277,1264.5110323916726
1h,20000,77,21,266,265,1142.2023131087417
1h,20000,77,22,261,260,1035.1012547500359
1h,20000,77,23,247,246,1035.3401838489906
1h,20000,77,24,238,237,922.8973857821219
1h,20000,77,25,233,232,786.5796763197201
1h,20000,77,26,233,232,675.2678109948606
1h,20000,77,27,233,232,632.8968104260117
1h,20000,77,28,238,237,586.5364726031339
1h,20000,77,29,230,229,538.4861088117452
1h,20000,78,11,378,377,4784.034592046992
1h,20000,78,12,365,364,3923.187239613718
1h,20000,78,13,346,345,2996.463824119552
1h,20000,78,14,326,325,2348.4457480333335
1h,20000,78,15,323,322,2120.079134815038
1h,20000,78,16,321,320,1671.8962624612047
1h,20000,78,17,308,307,1464.5616166842804
1h,20000,78,18,293,292,1349.5707560814526
1h,20000,78,19,284,283,1250.0398249182592
1h,20000,78,20,275,274,1242.0123805355208
1h,20000,78,21,258,257,1132.9245424536314
1h,20000,78,22,248,247,1110.0691752408015
1h,20000,78,23,240,239,1096.6263468661145
1h,20000,78,24,235,234,904.1122588009545
1h,20000,78,25,232,231,725.0898953429931
1h,20000,78,26,237,236,718.6075875985397
1h,20000,78,27,238,237,595.6969152976003
1h,20000,78,28,235,234,591.952703146006
1h,20000,78,29,226,225,579.6103016645876
1h,20000,79,11,383,382,4399.476456673568
1h,20000,79,12,363,362,3784.428104257385
1h,20000,79,13,347,346,2761.985087450559
1h,20000,79,14,339,338,2397.334520547677
1h,20000,79,15,328,327,2147.5333153224706
1h,20000,79,16,316,315,1617.911046456354
1h,20000,79,17,303,302,1457.7448632999606
1h,20000,79,18,293,292,1328.4151217315205
1h,20000,79,19,280,279,1301.086098803582
1h,20000,79,20,272,271,1221.526566330814
1h,20000,79,21,255,254,1161.314527313315
1h,20000,79,22,244,243,1129.7824583803222
1h,20000,79,23,236,235,1021.8539643952255
1h,20000,79,24,235,234,909.3649985144582
1h,20000,79,25,237,236,782.1712353649817
1h,20000,79,26,239,238,712.6889240337299
1h,20000,79,27,236,235,602.2731869596023
1h,20000,79,28,230,229,599.383102432678
1h,20000,79,29,224,223,548.892816681226
1h,20000,80,11,384,383,4403.921213498069
1h,20000,80,12,367,366,3575.0026969958603
1h,20000,80,13,354,353,2817.59723588717
1h,20000,80,14,335,334,2353.552506143951
1h,20000,80,15,325,324,2189.1076055035983
1h,20000,80,16,313,312,1582.4029660824067
1h,20000,80,17,302,301,1429.6277625943046
1h,20000,80,18,293,292,1348.910118695885
1h,20000,80,19,280,279,1328.449140093091
1h,20000,80,20,270,269,1171.4774583061017
1h,20000,80,21,257,256,1138.1184942805637
1h,20000,80,22,243,242,1152.862159998193
1h,20000,80,23,240,239,965.0139654401278
1h,20000,80,24,238,237,904.9255178610067
1h,20000,80,25,240,239,800.5734260400235
1h,20000,80,26,236,235,668.1881421633642
1h,20000,80,27,235,234,626.753895706608
1h,20000,80,28,226,225,588.0980443007928
1h,20000,80,29,232,231,555.4680899310029
1h,20000,81,11,382,381,4374.2263766992955
1h,20000,81,12,372,371,3521.7037516855426
1h,20000,81,13,351,350,2697.86558165133
1h,20000,81,14,334,333,2193.851188655993
1h,20000,81,15,321,320,1981.0579338874945
1h,20000,81,16,304,303,1593.43327284707
1h,20000,81,17,295,294,1453.9764458232073
1h,20000,81,18,293,292,1343.3341386957086
1h,20000,81,19,282,281,1378.5300193686594
1h,20000,81,20,264,263,1160.6645235871272
1h,20000,81,21,252,251,1175.8136010153962
1h,20000,81,22,245,244,1086.6649865473842
1h,20000,81,23,241,240,994.6420076231644
1h,20000,81,24,242,241,861.8389417619273
1h,20000,81,25,239,238,753.6308698501032
1h,20000,81,26,236,235,726.1978518717734
1h,20000,81,27,231,230,657.3553353744912
1h,20000,81,28,230,229,567.4627988072049
1h,20000,81,29,234,233,536.9658414763171
1h,20000,82,11,378,377,4248.787694169879
1h,20000,82,12,365,364,3361.177080998351
1h,20000,82,13,352,351,2643.2444638425627
1h,20000,82,14,335,334,2272.2988019014847
1h,20000,82,15,314,313,1895.1354774179156
1h,20000,82,16,301,300,1643.3682597328825
1h,20000,82,17,291,290,1503.7556174502147
1h,20000,82,18,288,287,1473.1400133004831
1h,20000,82,19,275,274,1312.8270241421476
1h,20000,82,20,259,258,1176.4821477050714
1h,20000,82,21,247,246,1139.9892443465212
1h,20000,82,22,242,241,1169.6708856844464
1h,20000,82,23,248,247,1023.6850411137232
1h,20000,82,24,243,242,845.0418786458797
1h,20000,82,25,240,239,765.2141093773347
1h,20000,82,26,235,234,703.424201201091
1h,20000,82,27,231,230,626.3799485254592
1h,20000,82,28,231,230,547.0046273908907
1h,20000,82,29,226,225,507.367016648525
1h,20000,83,11,378,377,4150.15684169036
1h,20000,83,12,359,358,3172.5782616020083
1h,20000,83,13,349,348,2440.441773058928
1h,20000,83,14,336,335,2207.67993684363
1h,20000,83,15,315,314,1786.9455071554885
1h,20000,83,16,298,297,1701.9810141256276
1h,20000,83,17,284,283,1451.0272326148852
1h,20000,83,18,282,281,1528.086109013482
1h,20000,83,19,275,274,1302.9657425143305
1h,20000,83,20,255,254,1315.0433172556627
1h,20000,83,21,245,244,1202.5272918963326
1h,20000,83,22,243,242,1177.078809690241
1h,20000,83,23,248,247,1017.257528954688
1h,20000,83,24,243,242,848.5315733562045
1h,20000,83,25,237,236,746.9394602742603
1h,20000,83,26,232,231,696.7108919516252
1h,20000,83,27,228,227,597.4236997262719
1h,20000,83,28,230,229,536.7292483159376
1h,20000,83,29,225,224,494.75356821168805
1h,20000,84,11,377,376,3791.455460075619
1h,20000,84,12,361,360,2922.2575438290946
1h,20000,84,13,346,345,2447.6636584960133
1h,20000,84,14,334,333,2213.1426297726275
1h,20000,84,15,310,309,1831.2281567734076
1h,20000,84,16,300,299,1707.442136942364
1h,20000,84,17,283,282,1509.6922153092314
1h,20000,84,18,280,279,1420.5204049701188
1h,20000,84,19,266,265,1334.9147354371203
1h,20000,84,20,258,257,1384.676612052137
1h,20000,84,21,246,245,1274.893459748643
1h,20000,84,22,244,243,1139.8552217299343
1h,20000,84,23,244,243,954.8968089229706
1h,20000,84,24,241,240,839.2365958783797
1h,20000,84,25,232,231,721.449804829345
1h,20000,84,26,231,230,687.7313438175947
1h,20000,84,27,229,228,625.558367180772
1h,20000,84,28,227,226,563.0952681079062
1h,20000,84,29,218,217,539.2851433847926
1h,20000,85,11,373,372,3790.585481082909
1h,20000,85,12,362,361,2887.6049352183445
1h,20000,85,13,350,349,2403.0222688108283
1h,20000,85,14,326,325,2216.0362691993955
1h,20000,85,15,311,310,1804.5862977899112
1h,20000,85,16,299,298,1729.692050239624
1h,20000,85,17,289,288,1500.470554289551
1h,20000,85,18,278,277,1364.8772331860855
1h,20000,85,19,264,263,1351.5770623741955
1h,20000,85,20,254,253,1404.9218989284623
1h,20000,85,21,248,247,1251.2439426042204
1h,20000,85,22,244,243,1161.4144644039764
1h,20000,85,23,242,241,958.9793096847048
1h,20000,85,24,236,235,763.8399249502005
1h,20000,85,25,234,233,728.3925327643045
1h,20000,85,26,229,228,661.7844283200774
1h,20000,85,27,226,225,598.067444229312
1h,20000,85,28,225,224,563.4331854914064
1h,20000,85,29,220,219,620.4552503030463
1h,20000,86,11,373,372,3641.7571698047964
1h,20000,86,12,360,359,2927.724571545166
1h,20000,86,13,343,342,2516.8088555712056
1h,20000,86,14,323,322,2229.761784402126
1h,20000,86,15,306,305,1807.0268836770033
1h,20000,86,16,298,297,1653.5415533148282
1h,20000,86,17,286,285,1550.677173931845
1h,20000,86,18,275,274,1395.2196628703107
1h,20000,86,19,264,263,1417.2069565607594
1h,20000,86,20,256,255,1344.1974143545142
1h,20000,86,21,243,242,1242.8771450539293
1h,20000,86,22,241,240,1142.9157886044927
1h,20000,86,23,239,238,934.6847572264488
1h,20000,86,24,235,234,775.9845077815365
1h,20000,86,25,229,228,714.0548860743908
1h,20000,86,26,231,230,653.7422152635971
1h,20000,86,27,226,225,604.3412243269175
1h,20000,86,28,221,220,640.8234451789169
1h,20000,86,29,218,217,617.410012785326
1h,20000,87,11,367,366,3266.926607195257
1h,20000,87,12,350,349,2643.9935294666693
1h,20000,87,13,336,335,2525.967030405326
1h,20000,87,14,323,322,2157.3471743910327
1h,20000,87,15,304,303,1833.673056282494
1h,20000,87,16,297,296,1703.8093063271685
1h,20000,87,17,283,282,1574.2454997080497
1h,20000,87,18,274,273,1465.4442951797075
1h,20000,87,19,258,257,1431.671814746655
1h,20000,87,20,249,248,1361.3533045861789
1h,20000,87,21,246,245,1281.3408378449617
1h,20000,87,22,241,240,1010.0860930688434
1h,20000,87,23,235,234,874.8542540143591
1h,20000,87,24,234,233,767.5265697765698
1h,20000,87,25,235,234,725.021526942583
1h,20000,87,26,226,225,625.243630214014
1h,20000,87,27,223,222,640.7352954266149
1h,20000,87,28,216,215,686.9953665310413
1h,20000,87,29,212,211,669.0421750520674
1h,20000,88,11,361,360,3582.1348433443395
1h,20000,88,12,352,351,2422.4243176670584
1h,20000,88,13,337,336,2427.599936366165
1h,20000,88,14,323,322,2106.14238293848
1h,20000,88,15,304,303,2003.7671569173153
1h,20000,88,16,293,292,1687.2574046561353
1h,20000,88,17,281,280,1608.878250834575
1h,20000,88,18,271,270,1462.4423645413892
1h,20000,88,19,258,257,1485.9707920203305
1h,20000,88,20,248,247,1326.3789739064719
1h,20000,88,21,244,243,1263.9184530821958
1h,20000,88,22,242,241,955.9103511273782
1h,20000,88,23,240,239,819.8117171830484
1h,20000,88,24,237,236,784.1468150671178
1h,20000,88,25,230,229,684.3999318008707
1h,20000,88,26,225,224,645.2402631528622
1h,20000,88,27,218,217,667.8767991148143
1h,20000,88,28,216,215,667.0476886870038
1h,20000,88,29,201,200,684.4548234694308
1h,20000,89,11,364,363,3438.801574841634
1h,20000,89,12,353,352,2262.4172314263164
1h,20000,89,13,332,331,2301.501222959652
1h,20000,89,14,322,321,2075.3975805382092
1h,20000,89,15,300,299,2058.829258335591
1h,20000,89,16,296,295,1795.9478373988463
1h,20000,89,17,281,280,1612.417186954009
1h,20000,89,18,267,266,1451.8591964338532
1h,20000,89,19,253,252,1346.2868255372034
1h,20000,89,20,246,245,1284.2185267902944
1h,20000,89,21,243,242,1145.1536937802014
1h,20000,89,22,238,237,968.0817626247986
1h,20000,89,23,240,239,750.8940243038104
1h,20000,89,24,234,233,754.2321788271561
1h,20000,89,25,227,226,700.7165877533845
1h,20000,89,26,224,223,704.4920408709171
1h,20000,89,27,212,211,707.2074750847836
1h,20000,89,28,210,209,723.9360631613866
1h,20000,89,29,201,200,695.5652124409249
1h,20000,90,11,364,363,3310.007983270466
1h,20000,90,12,352,351,2494.9049371200294
1h,20000,90,13,333,332,2278.6782769213437
1h,20000,90,14,322,321,2181.2423775870066
1h,20000,90,15,306,305,2113.505379326038
1h,20000,90,16,289,288,1887.8258154775153
1h,20000,90,17,277,276,1582.7128123014108
1h,20000,90,18,260,259,1491.5555108941858
1h,20000,90,19,249,248,1352.2378624395499
1h,20000,90,20,242,241,1270.021611128735
1h,20000,90,21,239,238,1044.57409767127
1h,20000,90,22,238,237,889.6005860249554
1h,20000,90,23,243,242,783.6447480706013
1h,20000,90,24,237,236,738.7586969311407
1h,20000,90,25,226,225,734.2048260197046
1h,20000,90,26,217,216,723.7343312879763
1h,20000,90,27,212,211,730.6933191320105
1h,20000,90,28,205,204,742.6604791294037
1h,20000,90,29,202,201,711.9342496522772
1h,20000,91,11,359,358,3018.1693819768634
1h,20000,91,12,348,347,2554.2027132676526
1h,20000,91,13,329,328,2287.276375043835
1h,20000,91,14,320,319,2238.4228237894977
1h,20000,91,15,306,305,2071.9936853663326
1h,20000,91,16,291,290,1812.8036829736284
1h,20000,91,17,275,274,1519.1469857942825
1h,20000,91,18,254,253,1413.572964412196
1h,20000,91,19,247,246,1320.2756838219589
1h,20000,91,20,243,242,1261.5931522339877
1h,20000,91,21,238,237,1035.7279398324786
1h,20000,91,22,239,238,898.6262843205146
1h,20000,91,23,238,237,805.9437216705023
1h,20000,91,24,235,234,735.4416305908201
1h,20000,91,25,225,224,755.732331895958
1h,20000,91,26,216,215,800.5669746689136
1h,20000,91,27,212,211,769.453043048996
1h,20000,91,28,207,206,730.1639942342497
1h,20000,91,29,204,203,682.8769272070456
1h,20000,92,11,356,355,2998.586570048559
1h,20000,92,12,345,344,2611.4788615251264
1h,20000,92,13,328,327,2220.716888303273
1h,20000,92,14,316,315,2085.765809679678
1h,20000,92,15,303,302,2067.085272680852
1h,20000,92,16,289,288,1836.5856909580536
1h,20000,92,17,266,265,1652.7733540476036
1h,20000,92,18,255,254,1392.3924218074264
1h,20000,92,19,247,246,1291.2394927653295
1h,20000,92,20,243,242,1183.5058876618048
1h,20000,92,21,239,238,991.8343228985659
1h,20000,92,22,240,239,890.0205849810135
1h,20000,92,23,240,239,807.070483050136
1h,20000,92,24,226,225,754.8373274365025
1h,20000,92,25,220,219,727.5007351992352
1h,20000,92,26,218,217,784.194765359599
1h,20000,92,27,214,213,788.8019773683089
1h,20000,92,28,210,209,722.0398802150779
1h,20000,92,29,205,204,685.5979444616689
1h,20000,93,11,354,353,2923.257900820854
1h,20000,93,12,337,336,2610.8675219125266
1h,20000,93,13,330,329,2231.0817929311047
1h,20000,93,14,315,314,2042.3748926574244
1h,20000,93,15,301,300,1951.8820754945345
1h,20000,93,16,284,283,1894.8764706433203
1h,20000,93,17,264,263,1614.4247595990862
1h,20000,93,18,252,251,1340.983277860954
1h,20000,93,19,248,247,1236.8869610015706
1h,20000,93,20,244,243,1054.0429810642718
1h,20000,93,21,243,242,968.6285487354724
1h,20000,93,22,242,241,924.7506019287732
1h,20000,93,23,235,234,803.1928800145698
1h,20000,93,24,230,229,748.5712745770504
1h,20000,93,25,220,219,771.0259513439493
1h,20000,93,26,216,215,819.3476442543982
1h,20000,93,27,209,208,735.3768492855801
1h,20000,93,28,208,207,740.6077040903629
1h,20000,93,29,201,200,703.5633421228033
1h,20000,94,11,349,348,3094.0404912442455
1h,20000,94,12,335,334,2573.8978606024393
1h,20000,94,13,330,329,2284.6842877097865
1h,20000,94,14,316,315,2003.4787546787254
1h,20000,94,15,298,297,1970.7468924046318
1h,20000,94,16,278,277,1803.8628767773312
1h,20000,94,17,262,261,1441.0870764424656
1h,20000,94,18,250,249,1383.0520932060856
1h,20000,94,19,245,244,1158.4671618970835
1h,20000,94,20,245,244,1010.5398256608939
1h,20000,94,21,244,243,954.9126626864231
1h,20000,94,22,236,235,906.154066319438
1h,20000,94,23,230,229,784.3881708076642
1h,20000,94,24,228,227,744.3167450865021
1h,20000,94,25,224,223,829.696129743939
1h,20000,94,26,214,213,849.3653725511741
1h,20000,94,27,210,209,769.363171347916
1h,20000,94,28,202,201,704.0568576095943
1h,20000,94,29,199,198,661.828899007512
1h,20000,95,11,347,346,3114.1096704341853
1h,20000,95,12,337,336,2666.216175528945
1h,20000,95,13,331,330,2303.49831494366
1h,20000,95,14,312,311,2155.84524400398
1h,20000,95,15,295,294,2014.6827178691076
1h,20000,95,16,275,274,1623.887239612788
1h,20000,95,17,261,260,1328.7138149896816
1h,20000,95,18,249,248,1370.133959481123
1h,20000,95,19,248,247,1146.6869334346381
1h,20000,95,20,245,244,1014.2626523756046
1h,20000,95,21,244,243,980.5299879765805
1h,20000,95,22,234,233,867.9099397777703
1h,20000,95,23,232,231,789.8885485177952
1h,20000,95,24,224,223,756.47817772098
1h,20000,95,25,218,217,864.9156613632897
1h,20000,95,26,212,211,814.8846810854436
1h,20000,95,27,208,207,761.2117503505826
1h,20000,95,28,202,201,665.2834066825044
1h,20000,95,29,194,193,636.5887004453924
1h,20000,96,11,351,350,3057.183019353905
1h,20000,96,12,336,335,2716.0416080250025
1h,20000,96,13,325,324,2334.797316366281
1h,20000,96,14,310,309,2129.986921633297
1h,20000,96,15,291,290,2005.2385428723387
1h,20000,96,16,275,274,1627.960781673077
1h,20000,96,17,258,257,1392.9781301848373
1h,20000,96,18,247,246,1294.1616398568024
1h,20000,96,19,248,247,1198.4327078086876
1h,20000,96,20,242,241,1081.8550155609396
1h,20000,96,21,238,237,905.0381202289739
1h,20000,96,22,236,235,861.5469429217411
1h,20000,96,23,231,230,788.9144050256817
1h,20000,96,24,224,223,832.5469706738222
1h,20000,96,25,217,216,869.2286983602315
1h,20000,96,26,215,214,824.3933791281133
1h,20000,96,27,203,202,736.1390573437369
1h,20000,96,28,198,197,694.2188823787476
1h,20000,96,29,198,197,599.997668790745
1h,20000,97,11,353,352,3224.0519745357283
1h,20000,97,12,332,331,2742.742684956428
1h,20000,97,13,320,319,2434.408294463697
1h,20000,97,14,304,303,2169.682034848581
1h,20000,97,15,288,287,1856.325555512489
1h,20000,97,16,274,273,1484.4426840775739
1h,20000,97,17,258,257,1296.8404586301642
1h,20000,97,18,249,248,1208.0303306104804
1h,20000,97,19,249,248,1196.3520065589857
1h,20000,97,20,242,241,1074.6372909702206
1h,20000,97,21,236,235,941.9296388779012
1h,20000,97,22,230,229,797.7399242957918
1h,20000,97,23,224,223,798.3327062344893
1h,20000,97,24,218,217,861.9718506292081
1h,20000,97,25,215,214,862.2249566200721
1h,20000,97,26,209,208,793.3211413659276
1h,20000,97,27,202,201,726.9560035117845
1h,20000,97,28,198,197,655.8900395849631
1h,20000,97,29,197,196,573.0489173932796
1h,20000,98,11,345,344,3410.464077562213
1h,20000,98,12,341,340,2722.642328497434
1h,20000,98,13,321,320,2384.6686552407514
1h,20000,98,14,306,305,2078.0385922933597
1h,20000,98,15,290,289,1814.0925523669725
1h,20000,98,16,271,270,1513.4289297156936
1h,20000,98,17,262,261,1230.6279689573664
1h,20000,98,18,256,255,1213.0622806781655
1h,20000,98,19,245,244,1171.4074845275616
1h,20000,98,20,234,233,1055.4736320046695
1h,20000,98,21,232,231,911.9563564087322
1h,20000,98,22,229,228,806.4562328646783
1h,20000,98,23,224,223,867.070896658633
1h,20000,98,24,218,217,933.6743285220621
1h,20000,98,25,214,213,876.2627332408265
1h,20000,98,26,204,203,759.4136585088515
1h,20000,98,27,201,200,703.7150412133112
1h,20000,98,28,195,194,591.8914119561989
1h,20000,98,29,194,193,599.1553189072683
1h,20000,99,11,348,347,3271.5041860145257
1h,20000,99,12,337,336,2859.9501409347477
1h,20000,99,13,325,324,2355.6106346241627
1h,20000,99,14,303,302,2194.9026827928733
1h,20000,99,15,287,286,1756.1189659095862
1h,20000,99,16,272,271,1423.9956940176314
1h,20000,99,17,267,266,1298.1346518235698
1h,20000,99,18,255,254,1244.5099407965902
1h,20000,99,19,242,241,1175.1740498786462
1h,20000,99,20,237,236,1003.5055560336197
1h,20000,99,21,233,232,866.9812559168909
1h,20000,99,22,230,229,840.3006183278526
1h,20000,99,23,224,223,893.055945479805
1h,20000,99,24,215,214,976.7457038001718
1h,20000,99,25,208,207,871.5455936921192
1h,20000,99,26,203,202,780.0444523408696
1h,20000,99,27,198,197,691.326138343959
1h,20000,99,28,195,194,588.3545129969347
1h,20000,99,29,191,190,557.8661284413764
